Codes,URL
96317994D0C046,http://localhost:8081/addmee/sc/96317994D0C046
66317994D0F0F5,http://localhost:8081/addmee/sc/66317994D0F0F5
56317994D14C67,http://localhost:8081/addmee/sc/56317994D14C67
86317994D1B0F8,http://localhost:8081/addmee/sc/86317994D1B0F8
76317994D1F395,http://localhost:8081/addmee/sc/76317994D1F395
56317994D2CED5,http://localhost:8081/addmee/sc/56317994D2CED5
66317994D39E2F,http://localhost:8081/addmee/sc/66317994D39E2F
76317994D3F868,http://localhost:8081/addmee/sc/76317994D3F868
86317994D42EE8,http://localhost:8081/addmee/sc/86317994D42EE8
56317994D4677D,http://localhost:8081/addmee/sc/56317994D4677D
76317994D49B4F,http://localhost:8081/addmee/sc/76317994D49B4F
86317994D4D42B,http://localhost:8081/addmee/sc/86317994D4D42B
66317994D50EA5,http://localhost:8081/addmee/sc/66317994D50EA5
56317994D5474A,http://localhost:8081/addmee/sc/56317994D5474A
56317994D5809B,http://localhost:8081/addmee/sc/56317994D5809B
96317994D5B127,http://localhost:8081/addmee/sc/96317994D5B127
96317994D5EAD7,http://localhost:8081/addmee/sc/96317994D5EAD7
86317994D61B06,http://localhost:8081/addmee/sc/86317994D61B06
56317994D64C36,http://localhost:8081/addmee/sc/56317994D64C36
46317994D67C4E,http://localhost:8081/addmee/sc/46317994D67C4E
16317994D6A965,http://localhost:8081/addmee/sc/16317994D6A965
16317994D6D6DF,http://localhost:8081/addmee/sc/16317994D6D6DF
86317994D704D3,http://localhost:8081/addmee/sc/86317994D704D3
96317994D731B2,http://localhost:8081/addmee/sc/96317994D731B2
16317994D75FA1,http://localhost:8081/addmee/sc/16317994D75FA1
56317994D78F6D,http://localhost:8081/addmee/sc/56317994D78F6D
26317994D7C454,http://localhost:8081/addmee/sc/26317994D7C454
46317994D7FC9E,http://localhost:8081/addmee/sc/46317994D7FC9E
56317994D835CC,http://localhost:8081/addmee/sc/56317994D835CC
46317994D8724A,http://localhost:8081/addmee/sc/46317994D8724A
76317994D8AB30,http://localhost:8081/addmee/sc/76317994D8AB30
56317994D8E30C,http://localhost:8081/addmee/sc/56317994D8E30C
66317994D91B6C,http://localhost:8081/addmee/sc/66317994D91B6C
46317994D95338,http://localhost:8081/addmee/sc/46317994D95338
96317994D98BAF,http://localhost:8081/addmee/sc/96317994D98BAF
46317994D9C109,http://localhost:8081/addmee/sc/46317994D9C109
56317994D9F6FE,http://localhost:8081/addmee/sc/56317994D9F6FE
76317994DA2E3A,http://localhost:8081/addmee/sc/76317994DA2E3A
46317994DA6312,http://localhost:8081/addmee/sc/46317994DA6312
96317994DA99D7,http://localhost:8081/addmee/sc/96317994DA99D7
76317994DAC8D4,http://localhost:8081/addmee/sc/76317994DAC8D4
86317994DAF5DE,http://localhost:8081/addmee/sc/86317994DAF5DE
56317994DB2B14,http://localhost:8081/addmee/sc/56317994DB2B14
36317994DB63C1,http://localhost:8081/addmee/sc/36317994DB63C1
96317994DB9D2A,http://localhost:8081/addmee/sc/96317994DB9D2A
46317994DBD5D4,http://localhost:8081/addmee/sc/46317994DBD5D4
16317994DC0ED0,http://localhost:8081/addmee/sc/16317994DC0ED0
96317994DC47B7,http://localhost:8081/addmee/sc/96317994DC47B7
86317994DC8115,http://localhost:8081/addmee/sc/86317994DC8115
96317994DCCCF6,http://localhost:8081/addmee/sc/96317994DCCCF6
36317994DD0225,http://localhost:8081/addmee/sc/36317994DD0225
26317994DD36AC,http://localhost:8081/addmee/sc/26317994DD36AC
26317994DD6C1E,http://localhost:8081/addmee/sc/26317994DD6C1E
26317994DDA08E,http://localhost:8081/addmee/sc/26317994DDA08E
26317994DDD580,http://localhost:8081/addmee/sc/26317994DDD580
86317994DE0AF6,http://localhost:8081/addmee/sc/86317994DE0AF6
56317994DE4251,http://localhost:8081/addmee/sc/56317994DE4251
46317994DE7A72,http://localhost:8081/addmee/sc/46317994DE7A72
86317994DEB1A1,http://localhost:8081/addmee/sc/86317994DEB1A1
56317994DEEA28,http://localhost:8081/addmee/sc/56317994DEEA28
86317994DF2074,http://localhost:8081/addmee/sc/86317994DF2074
36317994E012B0,http://localhost:8081/addmee/sc/36317994E012B0
16317994E04844,http://localhost:8081/addmee/sc/16317994E04844
86317994E07CF0,http://localhost:8081/addmee/sc/86317994E07CF0
46317994E0B265,http://localhost:8081/addmee/sc/46317994E0B265
26317994E0E3B1,http://localhost:8081/addmee/sc/26317994E0E3B1
86317994E111AE,http://localhost:8081/addmee/sc/86317994E111AE
86317994E14319,http://localhost:8081/addmee/sc/86317994E14319
16317994E1787E,http://localhost:8081/addmee/sc/16317994E1787E
16317994E1AED3,http://localhost:8081/addmee/sc/16317994E1AED3
76317994E1E2A0,http://localhost:8081/addmee/sc/76317994E1E2A0
36317994E2148A,http://localhost:8081/addmee/sc/36317994E2148A
26317994E2484F,http://localhost:8081/addmee/sc/26317994E2484F
76317994E27E6A,http://localhost:8081/addmee/sc/76317994E27E6A
66317994E2E476,http://localhost:8081/addmee/sc/66317994E2E476
36317994E31BD6,http://localhost:8081/addmee/sc/36317994E31BD6
66317994E35FA3,http://localhost:8081/addmee/sc/66317994E35FA3
86317994E3FE73,http://localhost:8081/addmee/sc/86317994E3FE73
56317994E4837A,http://localhost:8081/addmee/sc/56317994E4837A
16317994E6155B,http://localhost:8081/addmee/sc/16317994E6155B
86317994E67490,http://localhost:8081/addmee/sc/86317994E67490
16317994E6AB36,http://localhost:8081/addmee/sc/16317994E6AB36
66317994E6E0BB,http://localhost:8081/addmee/sc/66317994E6E0BB
76317994E715B2,http://localhost:8081/addmee/sc/76317994E715B2
26317994E74A38,http://localhost:8081/addmee/sc/26317994E74A38
26317994E77E16,http://localhost:8081/addmee/sc/26317994E77E16
56317994E7B3B1,http://localhost:8081/addmee/sc/56317994E7B3B1
36317994E7E7A6,http://localhost:8081/addmee/sc/36317994E7E7A6
36317994E820B0,http://localhost:8081/addmee/sc/36317994E820B0
16317994E8588D,http://localhost:8081/addmee/sc/16317994E8588D
66317994E890BD,http://localhost:8081/addmee/sc/66317994E890BD
26317994E8C8A9,http://localhost:8081/addmee/sc/26317994E8C8A9
86317994E8FF1B,http://localhost:8081/addmee/sc/86317994E8FF1B
36317994E93597,http://localhost:8081/addmee/sc/36317994E93597
16317994E96C20,http://localhost:8081/addmee/sc/16317994E96C20
96317994E99E96,http://localhost:8081/addmee/sc/96317994E99E96
46317994E9D515,http://localhost:8081/addmee/sc/46317994E9D515
46317994EA09DB,http://localhost:8081/addmee/sc/46317994EA09DB
56317994EA3D7A,http://localhost:8081/addmee/sc/56317994EA3D7A
16317994EA70CC,http://localhost:8081/addmee/sc/16317994EA70CC
